timestamp,process_name,file_path,operation,entropy,extension_changed,write_count,rename_count,suspicious_score
2026-02-26 13:57:02,winword.exe,honeypot/decoys/confidential_report.docx,READ,1.2347,0,0,0,0.0
2026-02-26 13:57:02,winword.exe,honeypot/decoys/project_timeline.pdf,READ,2.2715,0,0,0,0.0
2026-02-26 13:57:02,winword.exe,honeypot/decoys/private_notes.pdf,READ,2.0161,0,0,0,0.0
2026-02-26 13:57:02,notepad.exe,honeypot/decoys/project_timeline.pdf,WRITE,1.1613,0,3,0,0.0
2026-02-26 13:57:02,explorer.exe,honeypot/decoys/backup_keys.txt,WRITE,1.5208,0,1,0,0.0
2026-02-26 13:57:02,chrome.exe,honeypot/decoys/salary_database.xlsx,READ,1.6398,0,0,0,0.0
2026-02-26 13:57:02,chrome.exe,honeypot/decoys/client_data.csv,READ,2.9214,0,0,0,0.0
2026-02-26 13:57:03,winword.exe,honeypot/decoys/financial_summary.xlsx,READ,2.1561,0,0,0,0.0
2026-02-26 13:57:03,conhost32.exe,honeypot/decoys/client_data.csv,RENAME,0.8665,1,0,1,0.29
2026-02-26 13:57:03,conhost32.exe,honeypot/decoys/private_notes.pdf,WRITE,7.8258,1,4,1,0.69
2026-02-26 13:57:03,conhost32.exe,honeypot/decoys/salary_database.xlsx,WRITE,7.2643,1,12,1,0.64
2026-02-26 13:57:03,conhost32.exe,honeypot/decoys/confidential_report.docx,RENAME,0.1711,1,12,2,0.43
2026-02-26 13:57:03,conhost32.exe,honeypot/decoys/system_credentials.txt,WRITE,7.3757,1,20,2,0.68
2026-02-26 13:57:04,conhost32.exe,honeypot/decoys/security_policy.docx,WRITE,7.321,1,23,2,0.78
2026-02-26 13:57:04,conhost32.exe,honeypot/decoys/backup_keys.txt,WRITE,7.3123,1,28,2,0.78
2026-02-26 13:57:04,conhost32.exe,honeypot/decoys/financial_summary.xlsx,DELETE,0.5672,0,28,2,0.43
2026-02-26 13:57:04,notepad.exe,honeypot/decoys/security_policy.docx,WRITE,3.154,0,3,0,0.0
2026-02-26 13:57:04,acrobat.exe,honeypot/decoys/backup_keys.txt,READ,2.735,0,0,0,0.0
2026-02-26 13:57:04,outlook.exe,honeypot/decoys/client_data.csv,WRITE,1.586,0,1,0,0.0
2026-02-26 13:57:04,winword.exe,honeypot/decoys/confidential_report.docx,READ,0.9585,0,0,0,0.0
2026-02-26 13:57:04,outlook.exe,honeypot/decoys/client_data.csv,READ,1.6543,0,0,0,0.0
2026-02-26 13:57:04,teams.exe,honeypot/decoys/project_timeline.pdf,READ,3.4132,0,0,0,0.0
2026-02-26 13:57:04,explorer.exe,honeypot/decoys/salary_database.xlsx,READ,2.8058,0,0,0,0.0
2026-02-26 13:57:05,acrobat.exe,honeypot/decoys/financial_summary.xlsx,READ,1.8612,0,0,0,0.0
2026-02-26 13:57:05,wscript_helper.exe,honeypot/decoys/backup_keys.txt,RENAME,0.5077,1,0,1,0.29
2026-02-26 13:57:05,wscript_helper.exe,honeypot/decoys/project_timeline.pdf,WRITE,7.1599,1,7,1,0.59
2026-02-26 13:57:05,wscript_helper.exe,honeypot/decoys/salary_database.xlsx,WRITE,7.4837,1,10,1,0.59
2026-02-26 13:57:05,wscript_helper.exe,honeypot/decoys/financial_summary.xlsx,RENAME,0.8317,1,10,2,0.38
2026-02-26 13:57:05,wscript_helper.exe,honeypot/decoys/system_credentials.txt,WRITE,7.8692,1,13,2,0.83
2026-02-26 13:57:05,wscript_helper.exe,honeypot/decoys/client_data.csv,WRITE,7.0685,1,20,2,0.68
2026-02-26 13:57:06,excel.exe,honeypot/decoys/security_policy.docx,READ,1.2952,0,0,0,0.0
2026-02-26 13:57:06,outlook.exe,honeypot/decoys/private_notes.pdf,READ,2.6388,0,0,0,0.0
2026-02-26 13:57:06,chrome.exe,honeypot/decoys/security_policy.docx,WRITE,0.863,0,1,0,0.0
2026-02-26 13:57:06,explorer.exe,honeypot/decoys/client_data.csv,READ,2.2653,0,0,0,0.0
2026-02-26 13:57:06,explorer.exe,honeypot/decoys/private_notes.pdf,READ,3.2163,0,0,0,0.0
2026-02-26 13:57:06,winword.exe,honeypot/decoys/project_timeline.pdf,READ,1.3354,0,0,0,0.0
2026-02-26 13:57:06,excel.exe,honeypot/decoys/client_data.csv,WRITE,1.229,0,2,0,0.0
2026-02-26 13:57:06,notepad.exe,honeypot/decoys/salary_database.xlsx,READ,2.4769,0,0,0,0.0
2026-02-26 13:57:06,syswow64helper.exe,honeypot/decoys/confidential_report.docx,WRITE,7.1883,1,6,0,0.55
2026-02-26 13:57:06,syswow64helper.exe,honeypot/decoys/salary_database.xlsx,WRITE,7.458,1,9,0,0.55
2026-02-26 13:57:07,syswow64helper.exe,honeypot/decoys/client_data.csv,RENAME,0.5503,1,9,1,0.34
2026-02-26 13:57:07,syswow64helper.exe,honeypot/decoys/private_notes.pdf,DELETE,0.836,0,9,1,0.24
2026-02-26 13:57:07,syswow64helper.exe,honeypot/decoys/system_credentials.txt,DELETE,0.8487,0,9,1,0.24
2026-02-26 13:57:07,syswow64helper.exe,honeypot/decoys/backup_keys.txt,WRITE,7.2116,1,15,1,0.64
2026-02-26 13:57:07,syswow64helper.exe,honeypot/decoys/security_policy.docx,WRITE,7.0021,1,21,1,0.74
2026-02-26 13:57:07,teams.exe,honeypot/decoys/employee_records.csv,WRITE,2.5898,0,3,0,0.0
2026-02-26 13:57:07,teams.exe,honeypot/decoys/backup_keys.txt,READ,1.3901,0,0,0,0.0
2026-02-26 13:57:08,explorer.exe,honeypot/decoys/system_credentials.txt,READ,0.6504,0,0,0,0.0
2026-02-26 13:57:08,excel.exe,honeypot/decoys/confidential_report.docx,READ,3.054,0,0,0,0.0
2026-02-26 13:57:08,winword.exe,honeypot/decoys/private_notes.pdf,WRITE,0.8597,0,3,0,0.0
2026-02-26 13:57:08,explorer.exe,honeypot/decoys/client_data.csv,READ,1.7577,0,0,0,0.0
2026-02-26 13:57:08,chrome.exe,honeypot/decoys/employee_records.csv,READ,2.5092,0,0,0,0.0
2026-02-26 13:57:08,acrobat.exe,honeypot/decoys/financial_summary.xlsx,READ,2.5151,0,0,0,0.0
2026-02-26 13:57:08,svc_update.exe,honeypot/decoys/confidential_report.docx,WRITE,7.1311,1,5,0,0.5
2026-02-26 13:57:08,svc_update.exe,honeypot/decoys/security_policy.docx,RENAME,0.3695,1,5,1,0.29
2026-02-26 13:57:08,svc_update.exe,honeypot/decoys/salary_database.xlsx,RENAME,0.7035,1,5,2,0.33
2026-02-26 13:57:08,svc_update.exe,honeypot/decoys/client_data.csv,DELETE,0.654,0,5,2,0.23
2026-02-26 13:57:08,svc_update.exe,honeypot/decoys/employee_records.csv,RENAME,0.2994,1,5,3,0.37
2026-02-26 13:57:09,svc_update.exe,honeypot/decoys/project_timeline.pdf,DELETE,0.1343,0,5,3,0.27
2026-02-26 13:57:09,winword.exe,honeypot/decoys/project_timeline.pdf,READ,1.317,0,0,0,0.0
2026-02-26 13:57:09,chrome.exe,honeypot/decoys/private_notes.pdf,READ,2.0162,0,0,0,0.0
2026-02-26 13:57:09,explorer.exe,honeypot/decoys/salary_database.xlsx,WRITE,2.988,0,1,0,0.0
2026-02-26 13:57:09,excel.exe,honeypot/decoys/employee_records.csv,READ,2.7237,0,0,0,0.0
2026-02-26 13:57:09,outlook.exe,honeypot/decoys/project_timeline.pdf,READ,0.8356,0,0,0,0.0
2026-02-26 13:57:09,excel.exe,honeypot/decoys/project_timeline.pdf,READ,3.0038,0,0,0,0.0
2026-02-26 13:57:09,excel.exe,honeypot/decoys/financial_summary.xlsx,READ,0.6255,0,0,0,0.0
2026-02-26 13:57:09,explorer.exe,honeypot/decoys/system_credentials.txt,READ,2.5462,0,0,0,0.0
2026-02-26 13:57:09,wscript_helper.exe,honeypot/decoys/financial_summary.xlsx,RENAME,0.0248,1,0,1,0.29
2026-02-26 13:57:10,wscript_helper.exe,honeypot/decoys/backup_keys.txt,WRITE,7.9215,1,8,1,0.74
2026-02-26 13:57:10,wscript_helper.exe,honeypot/decoys/private_notes.pdf,RENAME,0.2668,1,8,2,0.38
2026-02-26 13:57:10,wscript_helper.exe,honeypot/decoys/client_data.csv,WRITE,7.8634,1,14,2,0.83
2026-02-26 13:57:10,wscript_helper.exe,honeypot/decoys/salary_database.xlsx,RENAME,0.4603,1,14,3,0.47
2026-02-26 13:57:10,wscript_helper.exe,honeypot/decoys/system_credentials.txt,RENAME,0.2276,1,14,4,0.5
2026-02-26 13:57:10,notepad.exe,honeypot/decoys/financial_summary.xlsx,READ,1.3358,0,0,0,0.0
2026-02-26 13:57:10,acrobat.exe,honeypot/decoys/system_credentials.txt,WRITE,2.5386,0,3,0,0.0
2026-02-26 13:57:10,explorer.exe,honeypot/decoys/salary_database.xlsx,READ,1.0357,0,0,0,0.0
2026-02-26 13:57:11,acrobat.exe,honeypot/decoys/confidential_report.docx,READ,2.2897,0,0,0,0.0
2026-02-26 13:57:11,chrome.exe,honeypot/decoys/financial_summary.xlsx,READ,1.6556,0,0,0,0.0
2026-02-26 13:57:11,acrobat.exe,honeypot/decoys/confidential_report.docx,WRITE,0.5051,0,3,0,0.0
2026-02-26 13:57:11,notepad.exe,honeypot/decoys/system_credentials.txt,WRITE,0.7099,0,3,0,0.0
2026-02-26 13:57:11,chrome.exe,honeypot/decoys/salary_database.xlsx,READ,2.0214,0,0,0,0.0
2026-02-26 13:57:11,syswow64helper.exe,honeypot/decoys/employee_records.csv,RENAME,0.9028,1,0,1,0.29
2026-02-26 13:57:11,syswow64helper.exe,honeypot/decoys/project_timeline.pdf,WRITE,7.5425,1,3,1,0.69
2026-02-26 13:57:11,syswow64helper.exe,honeypot/decoys/backup_keys.txt,WRITE,7.7779,1,10,1,0.74
2026-02-26 13:57:12,syswow64helper.exe,honeypot/decoys/salary_database.xlsx,WRITE,7.4377,1,14,1,0.64
2026-02-26 13:57:12,syswow64helper.exe,honeypot/decoys/private_notes.pdf,RENAME,0.9598,1,14,2,0.43
2026-02-26 13:57:12,syswow64helper.exe,honeypot/decoys/system_credentials.txt,RENAME,0.2838,1,14,3,0.47
2026-02-26 13:57:12,chrome.exe,honeypot/decoys/salary_database.xlsx,READ,2.5184,0,0,0,0.0
2026-02-26 13:57:12,notepad.exe,honeypot/decoys/backup_keys.txt,READ,0.6386,0,0,0,0.0
2026-02-26 13:57:12,winword.exe,honeypot/decoys/security_policy.docx,WRITE,3.1584,0,3,0,0.0
2026-02-26 13:57:12,outlook.exe,honeypot/decoys/security_policy.docx,WRITE,1.232,0,3,0,0.0
2026-02-26 13:57:12,winword.exe,honeypot/decoys/financial_summary.xlsx,READ,1.0277,0,0,0,0.0
2026-02-26 13:57:13,teams.exe,honeypot/decoys/confidential_report.docx,READ,3.2524,0,0,0,0.0
2026-02-26 13:57:13,excel.exe,honeypot/decoys/security_policy.docx,READ,3.3501,0,0,0,0.0
2026-02-26 13:57:13,outlook.exe,honeypot/decoys/project_timeline.pdf,WRITE,3.1916,0,3,0,0.0
2026-02-26 13:57:13,teams.exe,honeypot/decoys/employee_records.csv,READ,3.0196,0,0,0,0.0
2026-02-26 13:57:13,teams.exe,honeypot/decoys/private_notes.pdf,READ,1.8196,0,0,0,0.0
2026-02-26 13:57:13,notepad.exe,honeypot/decoys/employee_records.csv,READ,1.4591,0,0,0,0.0
2026-02-26 13:57:13,excel.exe,honeypot/decoys/backup_keys.txt,READ,1.6491,0,0,0,0.0
2026-02-26 14:44:58,notepad.exe,honeypot/decoys/confidential_report.docx,READ,2.915,0,0,0,0.0
2026-02-26 14:44:58,teams.exe,honeypot/decoys/financial_summary.xlsx,READ,1.5757,0,0,0,0.0
2026-02-26 14:44:58,outlook.exe,honeypot/decoys/financial_summary.xlsx,WRITE,2.5709,0,1,0,0.0
2026-02-26 14:44:58,teams.exe,honeypot/decoys/salary_database.xlsx,READ,1.0055,0,0,0,0.0
2026-02-26 14:44:58,winword.exe,honeypot/decoys/salary_database.xlsx,READ,2.5052,0,0,0,0.0
2026-02-26 14:44:58,explorer.exe,honeypot/decoys/private_notes.pdf,READ,2.746,0,0,0,0.0
2026-02-26 14:44:58,outlook.exe,honeypot/decoys/employee_records.csv,READ,1.2749,0,0,0,0.0
2026-02-26 14:44:59,acrobat.exe,honeypot/decoys/salary_database.xlsx,WRITE,2.0215,0,3,0,0.0
2026-02-26 14:44:59,wscript_helper.exe,honeypot/decoys/salary_database.xlsx,RENAME,0.1106,1,0,1,0.29
2026-02-26 14:44:59,wscript_helper.exe,honeypot/decoys/backup_keys.txt,DELETE,0.5574,0,0,1,0.19
2026-02-26 14:44:59,wscript_helper.exe,honeypot/decoys/private_notes.pdf,WRITE,7.4095,1,4,1,0.54
2026-02-26 14:44:59,wscript_helper.exe,honeypot/decoys/financial_summary.xlsx,WRITE,7.1465,1,12,1,0.64
2026-02-26 14:44:59,wscript_helper.exe,honeypot/decoys/system_credentials.txt,WRITE,7.1578,1,19,1,0.64
2026-02-26 14:44:59,notepad.exe,honeypot/decoys/confidential_report.docx,READ,2.6391,0,0,0,0.0
2026-02-26 14:45:00,excel.exe,honeypot/decoys/project_timeline.pdf,READ,1.3441,0,0,0,0.0
2026-02-26 14:45:00,winword.exe,honeypot/decoys/client_data.csv,WRITE,1.1221,0,1,0,0.0
2026-02-26 14:45:00,teams.exe,honeypot/decoys/project_timeline.pdf,READ,2.783,0,0,0,0.0
2026-02-26 14:45:00,outlook.exe,honeypot/decoys/backup_keys.txt,READ,3.0612,0,0,0,0.0
2026-02-26 14:45:00,notepad.exe,honeypot/decoys/project_timeline.pdf,READ,2.5384,0,0,0,0.0
2026-02-26 14:45:00,explorer.exe,honeypot/decoys/system_credentials.txt,READ,3.3376,0,0,0,0.0
2026-02-26 14:45:00,outlook.exe,honeypot/decoys/financial_summary.xlsx,READ,1.2665,0,0,0,0.0
2026-02-26 14:45:00,conhost32.exe,honeypot/decoys/employee_records.csv,WRITE,7.1396,1,5,0,0.5
2026-02-26 14:45:00,conhost32.exe,honeypot/decoys/system_credentials.txt,WRITE,7.2306,1,11,0,0.6
2026-02-26 14:45:01,conhost32.exe,honeypot/decoys/client_data.csv,WRITE,7.8237,1,18,0,0.75
2026-02-26 14:45:01,conhost32.exe,honeypot/decoys/salary_database.xlsx,WRITE,7.0025,1,26,0,0.7
2026-02-26 14:45:01,conhost32.exe,honeypot/decoys/security_policy.docx,WRITE,7.6644,1,30,0,0.85
2026-02-26 14:45:01,acrobat.exe,honeypot/decoys/backup_keys.txt,READ,3.4258,0,0,0,0.0
2026-02-26 14:45:01,acrobat.exe,honeypot/decoys/project_timeline.pdf,READ,3.4127,0,0,0,0.0
2026-02-26 14:45:01,teams.exe,honeypot/decoys/client_data.csv,WRITE,1.3274,0,2,0,0.0
2026-02-26 14:45:01,excel.exe,honeypot/decoys/salary_database.xlsx,READ,0.5758,0,0,0,0.0
2026-02-26 14:45:01,notepad.exe,honeypot/decoys/confidential_report.docx,READ,0.735,0,0,0,0.0
2026-02-26 14:45:01,winword.exe,honeypot/decoys/financial_summary.xlsx,READ,1.5493,0,0,0,0.0
2026-02-26 14:45:02,teams.exe,honeypot/decoys/private_notes.pdf,READ,2.2093,0,0,0,0.0
2026-02-26 14:45:02,winword.exe,honeypot/decoys/system_credentials.txt,WRITE,2.661,0,3,0,0.0
2026-02-26 14:45:02,taskhost.exe,honeypot/decoys/system_credentials.txt,RENAME,0.4644,1,0,1,0.29
2026-02-26 14:45:02,taskhost.exe,honeypot/decoys/employee_records.csv,RENAME,0.6389,1,0,2,0.33
2026-02-26 14:45:02,taskhost.exe,honeypot/decoys/security_policy.docx,DELETE,0.5307,0,0,2,0.23
2026-02-26 14:45:02,taskhost.exe,honeypot/decoys/backup_keys.txt,WRITE,7.1604,1,6,2,0.63
2026-02-26 14:45:02,taskhost.exe,honeypot/decoys/private_notes.pdf,RENAME,0.5266,1,6,3,0.42
2026-02-26 14:45:02,taskhost.exe,honeypot/decoys/client_data.csv,WRITE,7.6584,1,14,3,0.87
2026-02-26 14:45:02,taskhost.exe,honeypot/decoys/confidential_report.docx,WRITE,7.9527,1,17,3,0.87
2026-02-26 14:45:03,taskhost.exe,honeypot/decoys/salary_database.xlsx,WRITE,7.2828,1,23,3,0.82
2026-02-26 14:45:03,teams.exe,honeypot/decoys/project_timeline.pdf,WRITE,3.0069,0,2,0,0.0
2026-02-26 14:45:03,chrome.exe,honeypot/decoys/client_data.csv,READ,1.6074,0,0,0,0.0
2026-02-26 14:45:03,teams.exe,honeypot/decoys/confidential_report.docx,READ,1.8592,0,0,0,0.0
2026-02-26 14:45:03,notepad.exe,honeypot/decoys/system_credentials.txt,READ,0.942,0,0,0,0.0
2026-02-26 14:45:03,notepad.exe,honeypot/decoys/project_timeline.pdf,READ,1.1881,0,0,0,0.0
2026-02-26 14:45:03,excel.exe,honeypot/decoys/client_data.csv,READ,0.5625,0,0,0,0.0
2026-02-26 14:45:03,notepad.exe,honeypot/decoys/backup_keys.txt,WRITE,3.4633,0,1,0,0.0
2026-02-26 14:45:03,excel.exe,honeypot/decoys/employee_records.csv,WRITE,2.0428,0,3,0,0.0
2026-02-26 14:45:03,wscript_helper.exe,honeypot/decoys/salary_database.xlsx,RENAME,0.8943,1,0,1,0.29
2026-02-26 14:45:04,wscript_helper.exe,honeypot/decoys/client_data.csv,WRITE,7.6274,1,6,1,0.74
2026-02-26 14:45:04,wscript_helper.exe,honeypot/decoys/security_policy.docx,WRITE,7.9453,1,13,1,0.79
2026-02-26 14:45:04,wscript_helper.exe,honeypot/decoys/project_timeline.pdf,WRITE,7.0399,1,17,1,0.64
2026-02-26 14:45:04,wscript_helper.exe,honeypot/decoys/financial_summary.xlsx,WRITE,7.6016,1,21,1,0.89
2026-02-26 14:45:04,wscript_helper.exe,honeypot/decoys/system_credentials.txt,RENAME,0.815,1,21,2,0.53
2026-02-26 14:45:04,wscript_helper.exe,honeypot/decoys/employee_records.csv,WRITE,7.2346,1,26,2,0.78
2026-02-26 14:45:05,outlook.exe,honeypot/decoys/client_data.csv,READ,1.5216,0,0,0,0.0
2026-02-26 14:45:05,teams.exe,honeypot/decoys/security_policy.docx,WRITE,1.8212,0,2,0,0.0
2026-02-26 14:45:05,outlook.exe,honeypot/decoys/salary_database.xlsx,READ,0.8675,0,0,0,0.0
2026-02-26 14:45:05,acrobat.exe,honeypot/decoys/private_notes.pdf,READ,2.1836,0,0,0,0.0
2026-02-26 14:45:05,explorer.exe,honeypot/decoys/confidential_report.docx,READ,1.64,0,0,0,0.0
2026-02-26 14:45:05,excel.exe,honeypot/decoys/financial_summary.xlsx,WRITE,0.6712,0,1,0,0.0
2026-02-26 14:45:05,outlook.exe,honeypot/decoys/confidential_report.docx,READ,3.1262,0,0,0,0.0
2026-02-26 14:45:05,notepad.exe,honeypot/decoys/salary_database.xlsx,READ,1.8601,0,0,0,0.0
2026-02-26 14:45:05,wscript_helper.exe,honeypot/decoys/confidential_report.docx,WRITE,7.3209,1,4,0,0.5
2026-02-26 14:45:06,wscript_helper.exe,honeypot/decoys/client_data.csv,DELETE,0.1034,0,4,0,0.15
2026-02-26 14:45:06,wscript_helper.exe,honeypot/decoys/salary_database.xlsx,WRITE,7.9807,1,11,0,0.75
2026-02-26 14:45:06,wscript_helper.exe,honeypot/decoys/security_policy.docx,RENAME,0.9988,1,11,1,0.39
2026-02-26 14:45:06,wscript_helper.exe,honeypot/decoys/private_notes.pdf,RENAME,0.5683,1,11,2,0.43
2026-02-26 14:45:06,wscript_helper.exe,honeypot/decoys/system_credentials.txt,WRITE,7.2713,1,17,2,0.68
2026-02-26 14:45:07,wscript_helper.exe,honeypot/decoys/financial_summary.xlsx,WRITE,7.9081,1,20,2,0.83
2026-02-26 14:45:07,wscript_helper.exe,honeypot/decoys/project_timeline.pdf,RENAME,0.7282,1,20,3,0.47
2026-02-26 14:45:07,outlook.exe,honeypot/decoys/confidential_report.docx,READ,2.0912,0,0,0,0.0
2026-02-26 14:45:07,acrobat.exe,honeypot/decoys/project_timeline.pdf,READ,1.2998,0,0,0,0.0
2026-02-26 14:45:07,excel.exe,honeypot/decoys/client_data.csv,READ,2.2767,0,0,0,0.0
2026-02-26 14:45:07,acrobat.exe,honeypot/decoys/project_timeline.pdf,READ,3.272,0,0,0,0.0
2026-02-26 14:45:07,teams.exe,honeypot/decoys/client_data.csv,READ,3.2497,0,0,0,0.0
2026-02-26 14:45:07,winword.exe,honeypot/decoys/system_credentials.txt,WRITE,0.8243,0,1,0,0.0
2026-02-26 14:45:07,chrome.exe,honeypot/decoys/project_timeline.pdf,READ,1.1464,0,0,0,0.0
2026-02-26 14:45:07,excel.exe,honeypot/decoys/private_notes.pdf,READ,0.8291,0,0,0,0.0
2026-02-26 14:45:08,wscript_helper.exe,honeypot/decoys/financial_summary.xlsx,WRITE,7.4871,1,8,0,0.55
2026-02-26 14:45:08,wscript_helper.exe,honeypot/decoys/system_credentials.txt,WRITE,7.1221,1,12,0,0.6
2026-02-26 14:45:08,wscript_helper.exe,honeypot/decoys/security_policy.docx,WRITE,7.8338,1,15,0,0.75
2026-02-26 14:45:08,wscript_helper.exe,honeypot/decoys/salary_database.xlsx,WRITE,7.7808,1,21,0,0.85
2026-02-26 14:45:08,wscript_helper.exe,honeypot/decoys/private_notes.pdf,RENAME,0.3784,1,21,1,0.49
2026-02-26 14:45:08,wscript_helper.exe,honeypot/decoys/employee_records.csv,WRITE,7.0512,1,26,1,0.74
2026-02-26 14:45:08,outlook.exe,honeypot/decoys/salary_database.xlsx,READ,1.4716,0,0,0,0.0
2026-02-26 14:45:08,acrobat.exe,honeypot/decoys/salary_database.xlsx,READ,0.7801,0,0,0,0.0
2026-02-26 14:45:08,chrome.exe,honeypot/decoys/backup_keys.txt,READ,2.6393,0,0,0,0.0
2026-02-26 14:45:09,notepad.exe,honeypot/decoys/client_data.csv,READ,2.4522,0,0,0,0.0
2026-02-26 14:45:09,acrobat.exe,honeypot/decoys/salary_database.xlsx,READ,0.8163,0,0,0,0.0
2026-02-26 14:45:09,explorer.exe,honeypot/decoys/client_data.csv,WRITE,3.045,0,2,0,0.0
2026-02-26 14:45:09,outlook.exe,honeypot/decoys/security_policy.docx,READ,1.7695,0,0,0,0.0
2026-02-26 14:45:09,explorer.exe,honeypot/decoys/employee_records.csv,READ,2.323,0,0,0,0.0
2026-02-26 14:45:09,notepad.exe,honeypot/decoys/private_notes.pdf,READ,3.3417,0,0,0,0.0
2026-02-26 14:45:09,acrobat.exe,honeypot/decoys/employee_records.csv,READ,1.4326,0,0,0,0.0
2026-02-26 14:45:09,notepad.exe,honeypot/decoys/security_policy.docx,WRITE,2.4088,0,2,0,0.0
2026-02-26 14:45:09,explorer.exe,honeypot/decoys/employee_records.csv,READ,3.1469,0,0,0,0.0
2026-02-26 14:45:41,acrobat.exe,honeypot/decoys/client_data.csv,READ,0.8282,0,0,0,0.0
2026-02-26 14:45:42,teams.exe,honeypot/decoys/employee_records.csv,READ,3.1744,0,0,0,0.0
2026-02-26 14:45:42,acrobat.exe,honeypot/decoys/private_notes.pdf,READ,3.1085,0,0,0,0.0
2026-02-26 14:45:42,acrobat.exe,honeypot/decoys/salary_database.xlsx,READ,1.8608,0,0,0,0.0
2026-02-26 14:45:42,teams.exe,honeypot/decoys/salary_database.xlsx,READ,3.4809,0,0,0,0.0
2026-02-26 14:45:42,excel.exe,honeypot/decoys/salary_database.xlsx,READ,1.8356,0,0,0,0.0
2026-02-26 14:45:42,notepad.exe,honeypot/decoys/security_policy.docx,WRITE,3.3317,0,3,0,0.0
2026-02-26 14:45:42,explorer.exe,honeypot/decoys/client_data.csv,READ,2.7061,0,0,0,0.0
2026-02-26 14:45:42,taskhost.exe,honeypot/decoys/security_policy.docx,WRITE,7.1459,1,4,0,0.5
2026-02-26 14:45:42,taskhost.exe,honeypot/decoys/backup_keys.txt,RENAME,0.16,1,4,1,0.29
2026-02-26 14:45:42,taskhost.exe,honeypot/decoys/project_timeline.pdf,WRITE,7.5769,1,10,1,0.74
2026-02-26 14:45:43,taskhost.exe,honeypot/decoys/client_data.csv,WRITE,7.3797,1,18,1,0.64
2026-02-26 14:45:43,taskhost.exe,honeypot/decoys/private_notes.pdf,WRITE,7.7879,1,21,1,0.89
2026-02-26 14:45:43,taskhost.exe,honeypot/decoys/financial_summary.xlsx,DELETE,0.9529,0,21,1,0.39
2026-02-26 14:45:43,taskhost.exe,honeypot/decoys/salary_database.xlsx,WRITE,7.645,1,28,1,0.89
2026-02-26 14:45:43,taskhost.exe,honeypot/decoys/system_credentials.txt,WRITE,7.5827,1,36,1,0.89
2026-02-26 14:45:43,excel.exe,honeypot/decoys/confidential_report.docx,WRITE,2.2406,0,1,0,0.0
2026-02-26 14:45:43,chrome.exe,honeypot/decoys/backup_keys.txt,WRITE,3.258,0,1,0,0.0
2026-02-26 14:45:43,outlook.exe,honeypot/decoys/client_data.csv,WRITE,2.0239,0,2,0,0.0
2026-02-26 14:45:43,notepad.exe,honeypot/decoys/project_timeline.pdf,READ,0.9332,0,0,0,0.0
2026-02-26 14:45:43,chrome.exe,honeypot/decoys/private_notes.pdf,READ,3.4422,0,0,0,0.0
2026-02-26 14:45:43,chrome.exe,honeypot/decoys/client_data.csv,READ,2.853,0,0,0,0.0
2026-02-26 14:45:44,outlook.exe,honeypot/decoys/client_data.csv,READ,0.9211,0,0,0,0.0
2026-02-26 14:45:44,winword.exe,honeypot/decoys/financial_summary.xlsx,READ,2.2801,0,0,0,0.0
2026-02-26 14:45:44,svc_update.exe,honeypot/decoys/security_policy.docx,RENAME,0.1332,1,0,1,0.29
2026-02-26 14:45:44,svc_update.exe,honeypot/decoys/system_credentials.txt,WRITE,7.8959,1,4,1,0.69
2026-02-26 14:45:44,svc_update.exe,honeypot/decoys/salary_database.xlsx,RENAME,0.1703,1,4,2,0.33
2026-02-26 14:45:44,svc_update.exe,honeypot/decoys/employee_records.csv,DELETE,0.2613,0,4,2,0.23
2026-02-26 14:45:44,svc_update.exe,honeypot/decoys/client_data.csv,WRITE,7.2079,1,11,2,0.68
2026-02-26 14:45:45,svc_update.exe,honeypot/decoys/project_timeline.pdf,WRITE,7.4944,1,16,2,0.68
2026-02-26 14:45:45,notepad.exe,honeypot/decoys/employee_records.csv,READ,2.2005,0,0,0,0.0
2026-02-26 14:45:45,explorer.exe,honeypot/decoys/system_credentials.txt,READ,1.8371,0,0,0,0.0
2026-02-26 14:45:45,chrome.exe,honeypot/decoys/financial_summary.xlsx,READ,0.654,0,0,0,0.0
2026-02-26 14:45:45,winword.exe,honeypot/decoys/salary_database.xlsx,READ,0.5374,0,0,0,0.0
2026-02-26 14:45:45,chrome.exe,honeypot/decoys/financial_summary.xlsx,READ,2.6386,0,0,0,0.0
2026-02-26 14:45:45,excel.exe,honeypot/decoys/system_credentials.txt,READ,0.5796,0,0,0,0.0
2026-02-26 14:45:45,teams.exe,honeypot/decoys/salary_database.xlsx,READ,0.7172,0,0,0,0.0
2026-02-26 14:45:45,excel.exe,honeypot/decoys/employee_records.csv,READ,0.9691,0,0,0,0.0
2026-02-26 14:45:45,conhost32.exe,honeypot/decoys/client_data.csv,RENAME,0.3712,1,0,1,0.29
2026-02-26 14:45:45,conhost32.exe,honeypot/decoys/security_policy.docx,WRITE,7.32,1,3,1,0.54
2026-02-26 14:45:46,conhost32.exe,honeypot/decoys/financial_summary.xlsx,RENAME,0.2113,1,3,2,0.33
2026-02-26 14:45:46,conhost32.exe,honeypot/decoys/salary_database.xlsx,WRITE,7.7855,1,8,2,0.78
2026-02-26 14:45:46,conhost32.exe,honeypot/decoys/system_credentials.txt,WRITE,7.076,1,12,2,0.68
2026-02-26 14:45:46,conhost32.exe,honeypot/decoys/employee_records.csv,WRITE,7.4765,1,18,2,0.68
2026-02-26 14:45:46,teams.exe,honeypot/decoys/system_credentials.txt,READ,1.9262,0,0,0,0.0
2026-02-26 14:45:46,winword.exe,honeypot/decoys/confidential_report.docx,READ,2.2052,0,0,0,0.0
2026-02-26 14:45:46,explorer.exe,honeypot/decoys/financial_summary.xlsx,READ,3.0633,0,0,0,0.0
2026-02-26 14:45:47,teams.exe,honeypot/decoys/private_notes.pdf,WRITE,2.8371,0,2,0,0.0
2026-02-26 14:45:47,acrobat.exe,honeypot/decoys/confidential_report.docx,READ,2.898,0,0,0,0.0
2026-02-26 14:45:47,acrobat.exe,honeypot/decoys/project_timeline.pdf,READ,2.5975,0,0,0,0.0
2026-02-26 14:45:47,teams.exe,honeypot/decoys/security_policy.docx,READ,2.5234,0,0,0,0.0
2026-02-26 14:45:47,explorer.exe,honeypot/decoys/employee_records.csv,WRITE,1.411,0,3,0,0.0
2026-02-26 14:45:47,conhost32.exe,honeypot/decoys/confidential_report.docx,WRITE,7.1792,1,7,0,0.55
2026-02-26 14:45:47,conhost32.exe,honeypot/decoys/private_notes.pdf,RENAME,0.1267,1,7,1,0.34
2026-02-26 14:45:47,conhost32.exe,honeypot/decoys/project_timeline.pdf,WRITE,7.3261,1,11,1,0.64
2026-02-26 14:45:47,conhost32.exe,honeypot/decoys/financial_summary.xlsx,RENAME,0.1889,1,11,2,0.43
2026-02-26 14:45:47,conhost32.exe,honeypot/decoys/backup_keys.txt,RENAME,0.4819,1,11,3,0.47
2026-02-26 14:45:48,acrobat.exe,honeypot/decoys/system_credentials.txt,READ,2.3258,0,0,0,0.0
2026-02-26 14:45:48,outlook.exe,honeypot/decoys/financial_summary.xlsx,READ,2.0244,0,0,0,0.0
2026-02-26 14:45:48,outlook.exe,honeypot/decoys/private_notes.pdf,READ,1.9333,0,0,0,0.0
2026-02-26 14:45:48,chrome.exe,honeypot/decoys/client_data.csv,READ,2.6589,0,0,0,0.0
2026-02-26 14:45:48,outlook.exe,honeypot/decoys/security_policy.docx,READ,3.2862,0,0,0,0.0
2026-02-26 14:45:48,winword.exe,honeypot/decoys/private_notes.pdf,READ,3.1506,0,0,0,0.0
2026-02-26 14:45:48,outlook.exe,honeypot/decoys/security_policy.docx,READ,2.8567,0,0,0,0.0
2026-02-26 14:45:48,explorer.exe,honeypot/decoys/system_credentials.txt,READ,2.6238,0,0,0,0.0
2026-02-26 14:45:48,conhost32.exe,honeypot/decoys/confidential_report.docx,WRITE,7.1721,1,4,0,0.5
2026-02-26 14:45:49,conhost32.exe,honeypot/decoys/employee_records.csv,WRITE,7.8489,1,8,0,0.7
2026-02-26 14:45:49,conhost32.exe,honeypot/decoys/financial_summary.xlsx,WRITE,7.7675,1,14,0,0.75
2026-02-26 14:45:49,conhost32.exe,honeypot/decoys/client_data.csv,WRITE,7.2984,1,17,0,0.6
2026-02-26 14:45:49,conhost32.exe,honeypot/decoys/backup_keys.txt,WRITE,7.3831,1,25,0,0.7
2026-02-26 14:45:49,conhost32.exe,honeypot/decoys/project_timeline.pdf,RENAME,0.3216,1,25,1,0.49
2026-02-26 14:45:49,conhost32.exe,honeypot/decoys/private_notes.pdf,RENAME,0.6145,1,25,2,0.53
2026-02-26 14:45:49,conhost32.exe,honeypot/decoys/system_credentials.txt,WRITE,7.3841,1,30,2,0.78
2026-02-26 14:45:49,explorer.exe,honeypot/decoys/client_data.csv,READ,1.0055,0,0,0,0.0
2026-02-26 14:45:49,notepad.exe,honeypot/decoys/confidential_report.docx,READ,1.805,0,0,0,0.0
2026-02-26 14:45:49,explorer.exe,honeypot/decoys/security_policy.docx,WRITE,1.1979,0,3,0,0.0
2026-02-26 14:45:50,outlook.exe,honeypot/decoys/client_data.csv,READ,1.8945,0,0,0,0.0
2026-02-26 14:45:50,excel.exe,honeypot/decoys/client_data.csv,READ,0.7563,0,0,0,0.0
2026-02-26 14:45:50,explorer.exe,honeypot/decoys/client_data.csv,READ,0.5062,0,0,0,0.0
2026-02-26 14:45:50,excel.exe,honeypot/decoys/client_data.csv,READ,1.1478,0,0,0,0.0
2026-02-26 14:45:50,teams.exe,honeypot/decoys/private_notes.pdf,READ,0.6474,0,0,0,0.0
2026-02-26 14:45:50,taskhost.exe,honeypot/decoys/backup_keys.txt,WRITE,7.0505,1,8,0,0.55
2026-02-26 14:45:50,taskhost.exe,honeypot/decoys/system_credentials.txt,WRITE,7.7264,1,16,0,0.75
2026-02-26 14:45:50,taskhost.exe,honeypot/decoys/confidential_report.docx,WRITE,7.26,1,24,0,0.7
2026-02-26 14:45:50,taskhost.exe,honeypot/decoys/employee_records.csv,WRITE,7.7631,1,28,0,0.85
2026-02-26 14:45:51,taskhost.exe,honeypot/decoys/salary_database.xlsx,WRITE,7.2981,1,36,0,0.7
2026-02-26 14:45:51,taskhost.exe,honeypot/decoys/security_policy.docx,RENAME,0.7483,1,36,1,0.49
2026-02-26 14:45:51,taskhost.exe,honeypot/decoys/client_data.csv,DELETE,0.6925,0,36,1,0.39
2026-02-26 14:45:51,taskhost.exe,honeypot/decoys/project_timeline.pdf,WRITE,7.267,1,39,1,0.74
2026-02-26 14:45:51,outlook.exe,honeypot/decoys/confidential_report.docx,WRITE,3.4477,0,3,0,0.0
2026-02-26 14:45:51,acrobat.exe,honeypot/decoys/salary_database.xlsx,READ,1.9115,0,0,0,0.0
2026-02-26 14:45:51,outlook.exe,honeypot/decoys/employee_records.csv,READ,3.3479,0,0,0,0.0
2026-02-26 14:45:52,excel.exe,honeypot/decoys/project_timeline.pdf,READ,0.7788,0,0,0,0.0
2026-02-26 14:45:52,teams.exe,honeypot/decoys/project_timeline.pdf,READ,1.5557,0,0,0,0.0
2026-02-26 14:45:52,notepad.exe,honeypot/decoys/employee_records.csv,READ,2.7693,0,0,0,0.0
2026-02-26 14:45:52,teams.exe,honeypot/decoys/security_policy.docx,READ,2.175,0,0,0,0.0
2026-02-26 14:45:52,acrobat.exe,honeypot/decoys/system_credentials.txt,WRITE,2.4695,0,2,0,0.0
2026-02-26 14:45:52,teams.exe,honeypot/decoys/private_notes.pdf,READ,2.9638,0,0,0,0.0
2026-02-26 14:45:52,winword.exe,honeypot/decoys/confidential_report.docx,READ,1.841,0,0,0,0.0
2026-02-26 14:45:52,winword.exe,honeypot/decoys/confidential_report.docx,READ,1.6162,0,0,0,0.0
2026-02-26 14:45:52,explorer.exe,honeypot/decoys/system_credentials.txt,READ,0.8422,0,0,0,0.0
2026-02-26 14:50:49,winword.exe,honeypot/decoys/confidential_report.docx,READ,1.2347,0,0,0,0.0
2026-02-26 14:50:49,winword.exe,honeypot/decoys/project_timeline.pdf,READ,2.2715,0,0,0,0.0
2026-02-26 14:50:49,winword.exe,honeypot/decoys/private_notes.pdf,READ,2.0161,0,0,0,0.0
2026-02-26 14:50:49,notepad.exe,honeypot/decoys/project_timeline.pdf,WRITE,1.1613,0,3,0,0.0
2026-02-26 14:50:49,explorer.exe,honeypot/decoys/backup_keys.txt,WRITE,1.5208,0,1,0,0.0
2026-02-26 14:50:49,chrome.exe,honeypot/decoys/salary_database.xlsx,READ,1.6398,0,0,0,0.0
2026-02-26 14:50:49,chrome.exe,honeypot/decoys/client_data.csv,READ,2.9214,0,0,0,0.0
2026-02-26 14:50:50,winword.exe,honeypot/decoys/financial_summary.xlsx,READ,2.1561,0,0,0,0.0
2026-02-26 14:50:50,conhost32.exe,honeypot/decoys/client_data.csv,RENAME,0.8665,1,0,1,0.29
2026-02-26 14:50:50,conhost32.exe,honeypot/decoys/private_notes.pdf,WRITE,7.8258,1,4,1,0.69
2026-02-26 14:50:50,conhost32.exe,honeypot/decoys/salary_database.xlsx,WRITE,7.2643,1,12,1,0.64
2026-02-26 14:50:50,conhost32.exe,honeypot/decoys/confidential_report.docx,RENAME,0.1711,1,12,2,0.43
2026-02-26 14:50:50,conhost32.exe,honeypot/decoys/system_credentials.txt,WRITE,7.3757,1,20,2,0.68
2026-02-26 14:50:50,conhost32.exe,honeypot/decoys/security_policy.docx,WRITE,7.321,1,23,2,0.78
2026-02-26 14:50:51,conhost32.exe,honeypot/decoys/backup_keys.txt,WRITE,7.3123,1,28,2,0.78
2026-02-26 14:50:51,conhost32.exe,honeypot/decoys/financial_summary.xlsx,DELETE,0.5672,0,28,2,0.43
2026-02-26 14:50:51,notepad.exe,honeypot/decoys/security_policy.docx,WRITE,3.154,0,3,0,0.0
2026-02-26 14:50:51,acrobat.exe,honeypot/decoys/backup_keys.txt,READ,2.735,0,0,0,0.0
2026-02-26 14:50:51,outlook.exe,honeypot/decoys/client_data.csv,WRITE,1.586,0,1,0,0.0
2026-02-26 14:50:51,winword.exe,honeypot/decoys/confidential_report.docx,READ,0.9585,0,0,0,0.0
2026-02-26 14:50:51,outlook.exe,honeypot/decoys/client_data.csv,READ,1.6543,0,0,0,0.0
2026-02-26 14:50:51,teams.exe,honeypot/decoys/project_timeline.pdf,READ,3.4132,0,0,0,0.0
2026-02-26 14:50:51,explorer.exe,honeypot/decoys/salary_database.xlsx,READ,2.8058,0,0,0,0.0
2026-02-26 14:50:51,acrobat.exe,honeypot/decoys/financial_summary.xlsx,READ,1.8612,0,0,0,0.0
2026-02-26 14:50:52,wscript_helper.exe,honeypot/decoys/backup_keys.txt,RENAME,0.5077,1,0,1,0.29
2026-02-26 14:50:52,wscript_helper.exe,honeypot/decoys/project_timeline.pdf,WRITE,7.1599,1,7,1,0.59
2026-02-26 14:50:52,wscript_helper.exe,honeypot/decoys/salary_database.xlsx,WRITE,7.4837,1,10,1,0.59
2026-02-26 14:50:52,wscript_helper.exe,honeypot/decoys/financial_summary.xlsx,RENAME,0.8317,1,10,2,0.38
2026-02-26 14:50:52,wscript_helper.exe,honeypot/decoys/system_credentials.txt,WRITE,7.8692,1,13,2,0.83
2026-02-26 14:50:52,wscript_helper.exe,honeypot/decoys/client_data.csv,WRITE,7.0685,1,20,2,0.68
2026-02-26 14:50:53,excel.exe,honeypot/decoys/security_policy.docx,READ,1.2952,0,0,0,0.0
2026-02-26 14:50:53,outlook.exe,honeypot/decoys/private_notes.pdf,READ,2.6388,0,0,0,0.0
2026-02-26 14:50:53,chrome.exe,honeypot/decoys/security_policy.docx,WRITE,0.863,0,1,0,0.0
2026-02-26 14:50:53,explorer.exe,honeypot/decoys/client_data.csv,READ,2.2653,0,0,0,0.0
2026-02-26 14:50:53,explorer.exe,honeypot/decoys/private_notes.pdf,READ,3.2163,0,0,0,0.0
2026-02-26 14:50:53,winword.exe,honeypot/decoys/project_timeline.pdf,READ,1.3354,0,0,0,0.0
2026-02-26 14:50:53,excel.exe,honeypot/decoys/client_data.csv,WRITE,1.229,0,2,0,0.0
2026-02-26 14:50:53,notepad.exe,honeypot/decoys/salary_database.xlsx,READ,2.4769,0,0,0,0.0
2026-02-26 14:50:53,syswow64helper.exe,honeypot/decoys/confidential_report.docx,WRITE,7.1883,1,6,0,0.55
2026-02-26 14:50:53,syswow64helper.exe,honeypot/decoys/salary_database.xlsx,WRITE,7.458,1,9,0,0.55
2026-02-26 14:50:53,syswow64helper.exe,honeypot/decoys/client_data.csv,RENAME,0.5503,1,9,1,0.34
2026-02-26 14:50:53,syswow64helper.exe,honeypot/decoys/private_notes.pdf,DELETE,0.836,0,9,1,0.24
2026-02-26 14:50:54,syswow64helper.exe,honeypot/decoys/system_credentials.txt,DELETE,0.8487,0,9,1,0.24
2026-02-26 14:50:54,syswow64helper.exe,honeypot/decoys/backup_keys.txt,WRITE,7.2116,1,15,1,0.64
2026-02-26 14:50:54,syswow64helper.exe,honeypot/decoys/security_policy.docx,WRITE,7.0021,1,21,1,0.74
2026-02-26 14:50:54,teams.exe,honeypot/decoys/employee_records.csv,WRITE,2.5898,0,3,0,0.0
2026-02-26 14:50:54,teams.exe,honeypot/decoys/backup_keys.txt,READ,1.3901,0,0,0,0.0
2026-02-26 14:50:54,explorer.exe,honeypot/decoys/system_credentials.txt,READ,0.6504,0,0,0,0.0
2026-02-26 14:50:55,excel.exe,honeypot/decoys/confidential_report.docx,READ,3.054,0,0,0,0.0
2026-02-26 14:50:55,winword.exe,honeypot/decoys/private_notes.pdf,WRITE,0.8597,0,3,0,0.0
2026-02-26 14:50:55,explorer.exe,honeypot/decoys/client_data.csv,READ,1.7577,0,0,0,0.0
2026-02-26 14:50:55,chrome.exe,honeypot/decoys/employee_records.csv,READ,2.5092,0,0,0,0.0
2026-02-26 14:50:55,acrobat.exe,honeypot/decoys/financial_summary.xlsx,READ,2.5151,0,0,0,0.0
2026-02-26 14:50:55,svc_update.exe,honeypot/decoys/confidential_report.docx,WRITE,7.1311,1,5,0,0.5
2026-02-26 14:50:55,svc_update.exe,honeypot/decoys/security_policy.docx,RENAME,0.3695,1,5,1,0.29
2026-02-26 14:50:55,svc_update.exe,honeypot/decoys/salary_database.xlsx,RENAME,0.7035,1,5,2,0.33
2026-02-26 14:50:55,svc_update.exe,honeypot/decoys/client_data.csv,DELETE,0.654,0,5,2,0.23
2026-02-26 14:50:55,svc_update.exe,honeypot/decoys/employee_records.csv,RENAME,0.2994,1,5,3,0.37
2026-02-26 14:50:56,svc_update.exe,honeypot/decoys/project_timeline.pdf,DELETE,0.1343,0,5,3,0.27
2026-02-26 14:50:56,winword.exe,honeypot/decoys/project_timeline.pdf,READ,1.317,0,0,0,0.0
2026-02-26 14:50:56,chrome.exe,honeypot/decoys/private_notes.pdf,READ,2.0162,0,0,0,0.0
2026-02-26 14:50:56,explorer.exe,honeypot/decoys/salary_database.xlsx,WRITE,2.988,0,1,0,0.0
2026-02-26 14:50:56,excel.exe,honeypot/decoys/employee_records.csv,READ,2.7237,0,0,0,0.0
2026-02-26 14:50:56,outlook.exe,honeypot/decoys/project_timeline.pdf,READ,0.8356,0,0,0,0.0
2026-02-26 14:50:56,excel.exe,honeypot/decoys/project_timeline.pdf,READ,3.0038,0,0,0,0.0
2026-02-26 14:50:56,excel.exe,honeypot/decoys/financial_summary.xlsx,READ,0.6255,0,0,0,0.0
2026-02-26 14:50:56,explorer.exe,honeypot/decoys/system_credentials.txt,READ,2.5462,0,0,0,0.0
2026-02-26 14:50:56,wscript_helper.exe,honeypot/decoys/financial_summary.xlsx,RENAME,0.0248,1,0,1,0.29
2026-02-26 14:50:57,wscript_helper.exe,honeypot/decoys/backup_keys.txt,WRITE,7.9215,1,8,1,0.74
2026-02-26 14:50:57,wscript_helper.exe,honeypot/decoys/private_notes.pdf,RENAME,0.2668,1,8,2,0.38
2026-02-26 14:50:57,wscript_helper.exe,honeypot/decoys/client_data.csv,WRITE,7.8634,1,14,2,0.83
2026-02-26 14:50:57,wscript_helper.exe,honeypot/decoys/salary_database.xlsx,RENAME,0.4603,1,14,3,0.47
2026-02-26 14:50:57,wscript_helper.exe,honeypot/decoys/system_credentials.txt,RENAME,0.2276,1,14,4,0.5
2026-02-26 14:50:57,notepad.exe,honeypot/decoys/financial_summary.xlsx,READ,1.3358,0,0,0,0.0
2026-02-26 14:50:57,acrobat.exe,honeypot/decoys/system_credentials.txt,WRITE,2.5386,0,3,0,0.0
2026-02-26 14:50:57,explorer.exe,honeypot/decoys/salary_database.xlsx,READ,1.0357,0,0,0,0.0
2026-02-26 14:50:57,acrobat.exe,honeypot/decoys/confidential_report.docx,READ,2.2897,0,0,0,0.0
2026-02-26 14:50:58,chrome.exe,honeypot/decoys/financial_summary.xlsx,READ,1.6556,0,0,0,0.0
2026-02-26 14:50:58,acrobat.exe,honeypot/decoys/confidential_report.docx,WRITE,0.5051,0,3,0,0.0
2026-02-26 14:50:58,notepad.exe,honeypot/decoys/system_credentials.txt,WRITE,0.7099,0,3,0,0.0
2026-02-26 14:50:58,chrome.exe,honeypot/decoys/salary_database.xlsx,READ,2.0214,0,0,0,0.0
2026-02-26 14:50:58,chrome.exe,honeypot/decoys/financial_summary.xlsx,READ,2.1632,0,0,0,0.0
2026-02-26 14:50:58,outlook.exe,honeypot/decoys/backup_keys.txt,READ,1.7182,0,0,0,0.0
2026-02-26 15:27:11,winword.exe,honeypot/decoys/confidential_report.docx,READ,1.2347,0,0,0,0.0
2026-02-26 15:27:11,winword.exe,honeypot/decoys/project_timeline.pdf,READ,2.2715,0,0,0,0.0
2026-02-26 15:27:11,winword.exe,honeypot/decoys/private_notes.pdf,READ,2.0161,0,0,0,0.0
2026-02-26 15:27:11,notepad.exe,honeypot/decoys/project_timeline.pdf,WRITE,1.1613,0,3,0,0.0
2026-02-26 15:27:11,explorer.exe,honeypot/decoys/backup_keys.txt,WRITE,1.5208,0,1,0,0.0
2026-02-26 15:27:11,chrome.exe,honeypot/decoys/salary_database.xlsx,READ,1.6398,0,0,0,0.0
2026-02-26 15:27:11,chrome.exe,honeypot/decoys/client_data.csv,READ,2.9214,0,0,0,0.0
2026-02-26 15:27:11,winword.exe,honeypot/decoys/financial_summary.xlsx,READ,2.1561,0,0,0,0.0
2026-02-26 15:27:11,conhost32.exe,honeypot/decoys/client_data.csv,RENAME,0.8665,1,0,1,0.29
2026-02-26 15:27:11,conhost32.exe,honeypot/decoys/private_notes.pdf,WRITE,7.8258,1,4,1,0.69
2026-02-26 15:27:11,conhost32.exe,honeypot/decoys/salary_database.xlsx,WRITE,7.2643,1,12,1,0.64
2026-02-26 15:27:12,conhost32.exe,honeypot/decoys/confidential_report.docx,RENAME,0.1711,1,12,2,0.43
2026-02-26 15:27:12,conhost32.exe,honeypot/decoys/system_credentials.txt,WRITE,7.3757,1,20,2,0.68
2026-02-26 15:27:12,conhost32.exe,honeypot/decoys/security_policy.docx,WRITE,7.321,1,23,2,0.78
2026-02-26 15:27:12,conhost32.exe,honeypot/decoys/backup_keys.txt,WRITE,7.3123,1,28,2,0.78
2026-02-26 15:27:12,conhost32.exe,honeypot/decoys/financial_summary.xlsx,DELETE,0.5672,0,28,2,0.43
2026-02-26 15:27:12,notepad.exe,honeypot/decoys/security_policy.docx,WRITE,3.154,0,3,0,0.0
2026-02-26 15:27:12,acrobat.exe,honeypot/decoys/backup_keys.txt,READ,2.735,0,0,0,0.0
2026-02-26 15:27:13,outlook.exe,honeypot/decoys/client_data.csv,WRITE,1.586,0,1,0,0.0
2026-02-26 15:27:13,winword.exe,honeypot/decoys/confidential_report.docx,READ,0.9585,0,0,0,0.0
2026-02-26 15:27:13,outlook.exe,honeypot/decoys/client_data.csv,READ,1.6543,0,0,0,0.0
2026-02-26 15:27:13,teams.exe,honeypot/decoys/project_timeline.pdf,READ,3.4132,0,0,0,0.0
2026-02-26 15:27:13,explorer.exe,honeypot/decoys/salary_database.xlsx,READ,2.8058,0,0,0,0.0
2026-02-26 15:27:13,acrobat.exe,honeypot/decoys/financial_summary.xlsx,READ,1.8612,0,0,0,0.0
2026-02-26 15:27:13,wscript_helper.exe,honeypot/decoys/backup_keys.txt,RENAME,0.5077,1,0,1,0.29
2026-02-26 15:27:13,wscript_helper.exe,honeypot/decoys/project_timeline.pdf,WRITE,7.1599,1,7,1,0.59
2026-02-26 15:27:13,wscript_helper.exe,honeypot/decoys/salary_database.xlsx,WRITE,7.4837,1,10,1,0.59
2026-02-26 15:27:14,wscript_helper.exe,honeypot/decoys/financial_summary.xlsx,RENAME,0.8317,1,10,2,0.38
2026-02-26 15:27:14,wscript_helper.exe,honeypot/decoys/system_credentials.txt,WRITE,7.8692,1,13,2,0.83
2026-02-26 15:27:14,wscript_helper.exe,honeypot/decoys/client_data.csv,WRITE,7.0685,1,20,2,0.68
2026-02-26 15:27:14,excel.exe,honeypot/decoys/security_policy.docx,READ,1.2952,0,0,0,0.0
2026-02-26 15:27:14,outlook.exe,honeypot/decoys/private_notes.pdf,READ,2.6388,0,0,0,0.0
2026-02-26 15:27:14,chrome.exe,honeypot/decoys/security_policy.docx,WRITE,0.863,0,1,0,0.0
2026-02-26 15:27:14,explorer.exe,honeypot/decoys/client_data.csv,READ,2.2653,0,0,0,0.0
2026-02-26 15:27:14,explorer.exe,honeypot/decoys/private_notes.pdf,READ,3.2163,0,0,0,0.0
2026-02-26 15:27:15,winword.exe,honeypot/decoys/project_timeline.pdf,READ,1.3354,0,0,0,0.0
2026-02-26 15:27:15,excel.exe,honeypot/decoys/client_data.csv,WRITE,1.229,0,2,0,0.0
2026-02-26 15:27:15,notepad.exe,honeypot/decoys/salary_database.xlsx,READ,2.4769,0,0,0,0.0
2026-02-26 15:27:15,syswow64helper.exe,honeypot/decoys/confidential_report.docx,WRITE,7.1883,1,6,0,0.55
2026-02-26 15:27:15,syswow64helper.exe,honeypot/decoys/salary_database.xlsx,WRITE,7.458,1,9,0,0.55
2026-02-26 15:27:15,syswow64helper.exe,honeypot/decoys/client_data.csv,RENAME,0.5503,1,9,1,0.34
2026-02-26 15:27:15,syswow64helper.exe,honeypot/decoys/private_notes.pdf,DELETE,0.836,0,9,1,0.24
2026-02-26 15:27:15,syswow64helper.exe,honeypot/decoys/system_credentials.txt,DELETE,0.8487,0,9,1,0.24
2026-02-26 15:27:15,syswow64helper.exe,honeypot/decoys/backup_keys.txt,WRITE,7.2116,1,15,1,0.64
2026-02-26 15:27:16,syswow64helper.exe,honeypot/decoys/security_policy.docx,WRITE,7.0021,1,21,1,0.74
2026-02-26 15:27:16,teams.exe,honeypot/decoys/employee_records.csv,WRITE,2.5898,0,3,0,0.0
2026-02-26 15:27:16,teams.exe,honeypot/decoys/backup_keys.txt,READ,1.3901,0,0,0,0.0
2026-02-26 15:27:16,explorer.exe,honeypot/decoys/system_credentials.txt,READ,0.6504,0,0,0,0.0
2026-02-26 15:27:16,excel.exe,honeypot/decoys/confidential_report.docx,READ,3.054,0,0,0,0.0
2026-02-26 15:27:16,winword.exe,honeypot/decoys/private_notes.pdf,WRITE,0.8597,0,3,0,0.0
2026-02-26 15:27:16,explorer.exe,honeypot/decoys/client_data.csv,READ,1.7577,0,0,0,0.0
2026-02-26 15:27:16,chrome.exe,honeypot/decoys/employee_records.csv,READ,2.5092,0,0,0,0.0
2026-02-26 15:27:16,acrobat.exe,honeypot/decoys/financial_summary.xlsx,READ,2.5151,0,0,0,0.0
2026-02-26 15:27:16,svc_update.exe,honeypot/decoys/confidential_report.docx,WRITE,7.1311,1,5,0,0.5
2026-02-26 15:27:17,svc_update.exe,honeypot/decoys/security_policy.docx,RENAME,0.3695,1,5,1,0.29
2026-02-26 15:27:17,svc_update.exe,honeypot/decoys/salary_database.xlsx,RENAME,0.7035,1,5,2,0.33
2026-02-26 15:27:17,svc_update.exe,honeypot/decoys/client_data.csv,DELETE,0.654,0,5,2,0.23
2026-02-26 15:27:17,svc_update.exe,honeypot/decoys/employee_records.csv,RENAME,0.2994,1,5,3,0.37
2026-02-26 15:27:17,svc_update.exe,honeypot/decoys/project_timeline.pdf,DELETE,0.1343,0,5,3,0.27
2026-02-26 15:27:17,winword.exe,honeypot/decoys/project_timeline.pdf,READ,1.317,0,0,0,0.0
2026-02-26 15:27:17,chrome.exe,honeypot/decoys/private_notes.pdf,READ,2.0162,0,0,0,0.0
2026-02-26 15:27:17,explorer.exe,honeypot/decoys/salary_database.xlsx,WRITE,2.988,0,1,0,0.0
2026-02-26 15:27:17,excel.exe,honeypot/decoys/employee_records.csv,READ,2.7237,0,0,0,0.0
2026-02-26 15:27:18,outlook.exe,honeypot/decoys/project_timeline.pdf,READ,0.8356,0,0,0,0.0
2026-02-26 15:27:18,excel.exe,honeypot/decoys/project_timeline.pdf,READ,3.0038,0,0,0,0.0
2026-02-26 15:27:18,excel.exe,honeypot/decoys/financial_summary.xlsx,READ,0.6255,0,0,0,0.0
2026-02-26 15:27:18,explorer.exe,honeypot/decoys/system_credentials.txt,READ,2.5462,0,0,0,0.0
2026-02-26 15:27:18,wscript_helper.exe,honeypot/decoys/financial_summary.xlsx,RENAME,0.0248,1,0,1,0.29
2026-02-26 15:27:18,wscript_helper.exe,honeypot/decoys/backup_keys.txt,WRITE,7.9215,1,8,1,0.74
2026-02-26 15:27:18,wscript_helper.exe,honeypot/decoys/private_notes.pdf,RENAME,0.2668,1,8,2,0.38
2026-02-26 15:27:19,wscript_helper.exe,honeypot/decoys/client_data.csv,WRITE,7.8634,1,14,2,0.83
2026-02-26 15:27:19,wscript_helper.exe,honeypot/decoys/salary_database.xlsx,RENAME,0.4603,1,14,3,0.47
2026-02-26 15:27:19,wscript_helper.exe,honeypot/decoys/system_credentials.txt,RENAME,0.2276,1,14,4,0.5
2026-02-26 15:27:19,notepad.exe,honeypot/decoys/financial_summary.xlsx,READ,1.3358,0,0,0,0.0
2026-02-26 15:27:19,acrobat.exe,honeypot/decoys/system_credentials.txt,WRITE,2.5386,0,3,0,0.0
2026-02-26 15:27:19,explorer.exe,honeypot/decoys/salary_database.xlsx,READ,1.0357,0,0,0,0.0
2026-02-26 15:27:19,acrobat.exe,honeypot/decoys/confidential_report.docx,READ,2.2897,0,0,0,0.0
2026-02-26 15:27:19,chrome.exe,honeypot/decoys/financial_summary.xlsx,READ,1.6556,0,0,0,0.0
2026-02-26 15:27:19,acrobat.exe,honeypot/decoys/confidential_report.docx,WRITE,0.5051,0,3,0,0.0
2026-02-26 15:27:19,notepad.exe,honeypot/decoys/system_credentials.txt,WRITE,0.7099,0,3,0,0.0
2026-02-26 15:27:20,chrome.exe,honeypot/decoys/salary_database.xlsx,READ,2.0214,0,0,0,0.0
2026-02-26 15:27:20,chrome.exe,honeypot/decoys/financial_summary.xlsx,READ,2.1632,0,0,0,0.0
2026-02-26 15:27:20,outlook.exe,honeypot/decoys/backup_keys.txt,READ,1.7182,0,0,0,0.0
2026-02-26 15:28:17,winword.exe,honeypot/decoys/confidential_report.docx,READ,1.2347,0,0,0,0.0
2026-02-26 15:28:17,winword.exe,honeypot/decoys/project_timeline.pdf,READ,2.2715,0,0,0,0.0
2026-02-26 15:28:17,winword.exe,honeypot/decoys/private_notes.pdf,READ,2.0161,0,0,0,0.0
2026-02-26 15:28:17,notepad.exe,honeypot/decoys/project_timeline.pdf,WRITE,1.1613,0,3,0,0.0
2026-02-26 15:28:17,explorer.exe,honeypot/decoys/backup_keys.txt,WRITE,1.5208,0,1,0,0.0
2026-02-26 15:28:17,chrome.exe,honeypot/decoys/salary_database.xlsx,READ,1.6398,0,0,0,0.0
2026-02-26 15:28:17,chrome.exe,honeypot/decoys/client_data.csv,READ,2.9214,0,0,0,0.0
2026-02-26 15:28:17,winword.exe,honeypot/decoys/financial_summary.xlsx,READ,2.1561,0,0,0,0.0
2026-02-26 15:28:17,conhost32.exe,honeypot/decoys/client_data.csv,RENAME,0.8665,1,0,1,0.29
2026-02-26 15:28:17,conhost32.exe,honeypot/decoys/private_notes.pdf,WRITE,7.8258,1,4,1,0.69
2026-02-26 15:28:17,conhost32.exe,honeypot/decoys/salary_database.xlsx,WRITE,7.2643,1,12,1,0.64
2026-02-26 15:28:17,conhost32.exe,honeypot/decoys/confidential_report.docx,RENAME,0.1711,1,12,2,0.43
2026-02-26 15:28:18,conhost32.exe,honeypot/decoys/system_credentials.txt,WRITE,7.3757,1,20,2,0.68
2026-02-26 15:28:18,conhost32.exe,honeypot/decoys/security_policy.docx,WRITE,7.321,1,23,2,0.78
2026-02-26 15:28:18,conhost32.exe,honeypot/decoys/backup_keys.txt,WRITE,7.3123,1,28,2,0.78
2026-02-26 15:28:18,conhost32.exe,honeypot/decoys/financial_summary.xlsx,DELETE,0.5672,0,28,2,0.43
2026-02-26 15:28:18,notepad.exe,honeypot/decoys/security_policy.docx,WRITE,3.154,0,3,0,0.0
2026-02-26 15:28:18,acrobat.exe,honeypot/decoys/backup_keys.txt,READ,2.735,0,0,0,0.0
2026-02-26 15:28:18,outlook.exe,honeypot/decoys/client_data.csv,WRITE,1.586,0,1,0,0.0
2026-02-26 15:28:19,winword.exe,honeypot/decoys/confidential_report.docx,READ,0.9585,0,0,0,0.0
2026-02-26 15:28:19,outlook.exe,honeypot/decoys/client_data.csv,READ,1.6543,0,0,0,0.0
2026-02-26 15:28:19,teams.exe,honeypot/decoys/project_timeline.pdf,READ,3.4132,0,0,0,0.0
2026-02-26 15:28:19,explorer.exe,honeypot/decoys/salary_database.xlsx,READ,2.8058,0,0,0,0.0
2026-02-26 15:28:19,acrobat.exe,honeypot/decoys/financial_summary.xlsx,READ,1.8612,0,0,0,0.0
2026-02-26 15:28:19,wscript_helper.exe,honeypot/decoys/backup_keys.txt,RENAME,0.5077,1,0,1,0.29
2026-02-26 15:28:19,wscript_helper.exe,honeypot/decoys/project_timeline.pdf,WRITE,7.1599,1,7,1,0.59
2026-02-26 15:28:19,wscript_helper.exe,honeypot/decoys/salary_database.xlsx,WRITE,7.4837,1,10,1,0.59
2026-02-26 15:28:20,wscript_helper.exe,honeypot/decoys/financial_summary.xlsx,RENAME,0.8317,1,10,2,0.38
2026-02-26 15:28:20,wscript_helper.exe,honeypot/decoys/system_credentials.txt,WRITE,7.8692,1,13,2,0.83
2026-02-26 15:28:20,wscript_helper.exe,honeypot/decoys/client_data.csv,WRITE,7.0685,1,20,2,0.68
2026-02-26 15:28:20,excel.exe,honeypot/decoys/security_policy.docx,READ,1.2952,0,0,0,0.0
2026-02-26 15:28:20,outlook.exe,honeypot/decoys/private_notes.pdf,READ,2.6388,0,0,0,0.0
2026-02-26 15:28:20,chrome.exe,honeypot/decoys/security_policy.docx,WRITE,0.863,0,1,0,0.0
2026-02-26 15:28:20,explorer.exe,honeypot/decoys/client_data.csv,READ,2.2653,0,0,0,0.0
2026-02-26 15:28:20,explorer.exe,honeypot/decoys/private_notes.pdf,READ,3.2163,0,0,0,0.0
2026-02-26 15:28:20,winword.exe,honeypot/decoys/project_timeline.pdf,READ,1.3354,0,0,0,0.0
2026-02-26 15:28:20,excel.exe,honeypot/decoys/client_data.csv,WRITE,1.229,0,2,0,0.0
2026-02-26 15:28:21,notepad.exe,honeypot/decoys/salary_database.xlsx,READ,2.4769,0,0,0,0.0
2026-02-26 15:28:21,syswow64helper.exe,honeypot/decoys/confidential_report.docx,WRITE,7.1883,1,6,0,0.55
2026-02-26 15:28:21,syswow64helper.exe,honeypot/decoys/salary_database.xlsx,WRITE,7.458,1,9,0,0.55
2026-02-26 15:28:21,syswow64helper.exe,honeypot/decoys/client_data.csv,RENAME,0.5503,1,9,1,0.34
2026-02-26 15:28:21,syswow64helper.exe,honeypot/decoys/private_notes.pdf,DELETE,0.836,0,9,1,0.24
2026-02-26 15:28:21,syswow64helper.exe,honeypot/decoys/system_credentials.txt,DELETE,0.8487,0,9,1,0.24
2026-02-26 15:28:21,syswow64helper.exe,honeypot/decoys/backup_keys.txt,WRITE,7.2116,1,15,1,0.64
2026-02-26 15:28:21,syswow64helper.exe,honeypot/decoys/security_policy.docx,WRITE,7.0021,1,21,1,0.74
2026-02-26 15:28:22,teams.exe,honeypot/decoys/employee_records.csv,WRITE,2.5898,0,3,0,0.0
2026-02-26 15:28:22,teams.exe,honeypot/decoys/backup_keys.txt,READ,1.3901,0,0,0,0.0
2026-02-26 15:28:22,explorer.exe,honeypot/decoys/system_credentials.txt,READ,0.6504,0,0,0,0.0
2026-02-26 15:28:22,excel.exe,honeypot/decoys/confidential_report.docx,READ,3.054,0,0,0,0.0
2026-02-26 15:28:22,winword.exe,honeypot/decoys/private_notes.pdf,WRITE,0.8597,0,3,0,0.0
2026-02-26 15:28:22,explorer.exe,honeypot/decoys/client_data.csv,READ,1.7577,0,0,0,0.0
2026-02-26 15:28:22,chrome.exe,honeypot/decoys/employee_records.csv,READ,2.5092,0,0,0,0.0
2026-02-26 15:28:22,acrobat.exe,honeypot/decoys/financial_summary.xlsx,READ,2.5151,0,0,0,0.0
2026-02-26 15:28:22,svc_update.exe,honeypot/decoys/confidential_report.docx,WRITE,7.1311,1,5,0,0.5
2026-02-26 15:28:23,svc_update.exe,honeypot/decoys/security_policy.docx,RENAME,0.3695,1,5,1,0.29
2026-02-26 15:28:23,svc_update.exe,honeypot/decoys/salary_database.xlsx,RENAME,0.7035,1,5,2,0.33
2026-02-26 15:28:23,svc_update.exe,honeypot/decoys/client_data.csv,DELETE,0.654,0,5,2,0.23
2026-02-26 15:28:23,svc_update.exe,honeypot/decoys/employee_records.csv,RENAME,0.2994,1,5,3,0.37
2026-02-26 15:28:23,svc_update.exe,honeypot/decoys/project_timeline.pdf,DELETE,0.1343,0,5,3,0.27
2026-02-26 15:28:23,winword.exe,honeypot/decoys/project_timeline.pdf,READ,1.317,0,0,0,0.0
2026-02-26 15:28:23,chrome.exe,honeypot/decoys/private_notes.pdf,READ,2.0162,0,0,0,0.0
2026-02-26 15:28:23,explorer.exe,honeypot/decoys/salary_database.xlsx,WRITE,2.988,0,1,0,0.0
2026-02-26 15:28:23,excel.exe,honeypot/decoys/employee_records.csv,READ,2.7237,0,0,0,0.0
2026-02-26 15:28:23,outlook.exe,honeypot/decoys/project_timeline.pdf,READ,0.8356,0,0,0,0.0
2026-02-26 15:28:24,excel.exe,honeypot/decoys/project_timeline.pdf,READ,3.0038,0,0,0,0.0
2026-02-26 15:28:24,excel.exe,honeypot/decoys/financial_summary.xlsx,READ,0.6255,0,0,0,0.0
2026-02-26 15:28:24,explorer.exe,honeypot/decoys/system_credentials.txt,READ,2.5462,0,0,0,0.0
2026-02-26 15:28:24,wscript_helper.exe,honeypot/decoys/financial_summary.xlsx,RENAME,0.0248,1,0,1,0.29
2026-02-26 15:28:24,wscript_helper.exe,honeypot/decoys/backup_keys.txt,WRITE,7.9215,1,8,1,0.74
2026-02-26 15:28:24,wscript_helper.exe,honeypot/decoys/private_notes.pdf,RENAME,0.2668,1,8,2,0.38
2026-02-26 15:28:24,wscript_helper.exe,honeypot/decoys/client_data.csv,WRITE,7.8634,1,14,2,0.83
2026-02-26 15:28:25,wscript_helper.exe,honeypot/decoys/salary_database.xlsx,RENAME,0.4603,1,14,3,0.47
2026-02-26 15:28:25,wscript_helper.exe,honeypot/decoys/system_credentials.txt,RENAME,0.2276,1,14,4,0.5
2026-02-26 15:28:25,notepad.exe,honeypot/decoys/financial_summary.xlsx,READ,1.3358,0,0,0,0.0
2026-02-26 15:28:25,acrobat.exe,honeypot/decoys/system_credentials.txt,WRITE,2.5386,0,3,0,0.0
2026-02-26 15:28:25,explorer.exe,honeypot/decoys/salary_database.xlsx,READ,1.0357,0,0,0,0.0
2026-02-26 15:28:25,acrobat.exe,honeypot/decoys/confidential_report.docx,READ,2.2897,0,0,0,0.0
2026-02-26 15:28:25,chrome.exe,honeypot/decoys/financial_summary.xlsx,READ,1.6556,0,0,0,0.0
2026-02-26 15:28:25,acrobat.exe,honeypot/decoys/confidential_report.docx,WRITE,0.5051,0,3,0,0.0
2026-02-26 15:28:25,notepad.exe,honeypot/decoys/system_credentials.txt,WRITE,0.7099,0,3,0,0.0
2026-02-26 15:28:25,chrome.exe,honeypot/decoys/salary_database.xlsx,READ,2.0214,0,0,0,0.0
2026-02-26 15:28:25,chrome.exe,honeypot/decoys/financial_summary.xlsx,READ,2.1632,0,0,0,0.0
2026-02-26 15:28:26,outlook.exe,honeypot/decoys/backup_keys.txt,READ,1.7182,0,0,0,0.0
2026-02-26 15:36:35,winword.exe,honeypot/decoys/confidential_report.docx,READ,1.2347,0,0,0,0.0
2026-02-26 15:36:35,winword.exe,honeypot/decoys/project_timeline.pdf,READ,2.2715,0,0,0,0.0
2026-02-26 15:36:35,winword.exe,honeypot/decoys/private_notes.pdf,READ,2.0161,0,0,0,0.0
2026-02-26 15:36:35,notepad.exe,honeypot/decoys/project_timeline.pdf,WRITE,1.1613,0,3,0,0.0
2026-02-26 15:36:35,explorer.exe,honeypot/decoys/backup_keys.txt,WRITE,1.5208,0,1,0,0.0
2026-02-26 15:36:35,chrome.exe,honeypot/decoys/salary_database.xlsx,READ,1.6398,0,0,0,0.0
2026-02-26 15:36:35,chrome.exe,honeypot/decoys/client_data.csv,READ,2.9214,0,0,0,0.0
2026-02-26 15:36:35,winword.exe,honeypot/decoys/financial_summary.xlsx,READ,2.1561,0,0,0,0.0
2026-02-26 15:36:36,conhost32.exe,honeypot/decoys/client_data.csv,RENAME,0.8665,1,0,1,0.29
2026-02-26 15:36:36,conhost32.exe,honeypot/decoys/private_notes.pdf,WRITE,7.8258,1,4,1,0.69
2026-02-26 15:36:36,conhost32.exe,honeypot/decoys/salary_database.xlsx,WRITE,7.2643,1,12,1,0.64
2026-02-26 15:36:36,conhost32.exe,honeypot/decoys/confidential_report.docx,RENAME,0.1711,1,12,2,0.43
2026-02-26 15:36:36,conhost32.exe,honeypot/decoys/system_credentials.txt,WRITE,7.3757,1,20,2,0.68
2026-02-26 15:36:36,conhost32.exe,honeypot/decoys/security_policy.docx,WRITE,7.321,1,23,2,0.78
2026-02-26 15:36:37,conhost32.exe,honeypot/decoys/backup_keys.txt,WRITE,7.3123,1,28,2,0.78
2026-02-26 15:36:37,conhost32.exe,honeypot/decoys/financial_summary.xlsx,DELETE,0.5672,0,28,2,0.43
2026-02-26 15:36:37,notepad.exe,honeypot/decoys/security_policy.docx,WRITE,3.154,0,3,0,0.0
2026-02-26 15:36:37,acrobat.exe,honeypot/decoys/backup_keys.txt,READ,2.735,0,0,0,0.0
2026-02-26 15:36:37,outlook.exe,honeypot/decoys/client_data.csv,WRITE,1.586,0,1,0,0.0
2026-02-26 15:36:37,winword.exe,honeypot/decoys/confidential_report.docx,READ,0.9585,0,0,0,0.0
2026-02-26 15:36:37,outlook.exe,honeypot/decoys/client_data.csv,READ,1.6543,0,0,0,0.0
2026-02-26 15:36:37,teams.exe,honeypot/decoys/project_timeline.pdf,READ,3.4132,0,0,0,0.0
2026-02-26 15:36:37,explorer.exe,honeypot/decoys/salary_database.xlsx,READ,2.8058,0,0,0,0.0
2026-02-26 15:36:37,acrobat.exe,honeypot/decoys/financial_summary.xlsx,READ,1.8612,0,0,0,0.0
2026-02-26 15:36:38,wscript_helper.exe,honeypot/decoys/backup_keys.txt,RENAME,0.5077,1,0,1,0.29
2026-02-26 15:36:38,wscript_helper.exe,honeypot/decoys/project_timeline.pdf,WRITE,7.1599,1,7,1,0.59
2026-02-26 15:36:38,wscript_helper.exe,honeypot/decoys/salary_database.xlsx,WRITE,7.4837,1,10,1,0.59
2026-02-26 15:36:38,wscript_helper.exe,honeypot/decoys/financial_summary.xlsx,RENAME,0.8317,1,10,2,0.38
2026-02-26 15:36:38,wscript_helper.exe,honeypot/decoys/system_credentials.txt,WRITE,7.8692,1,13,2,0.83
2026-02-26 15:36:38,wscript_helper.exe,honeypot/decoys/client_data.csv,WRITE,7.0685,1,20,2,0.68
2026-02-26 15:36:39,excel.exe,honeypot/decoys/security_policy.docx,READ,1.2952,0,0,0,0.0
2026-02-26 15:36:39,outlook.exe,honeypot/decoys/private_notes.pdf,READ,2.6388,0,0,0,0.0
2026-02-26 15:36:39,chrome.exe,honeypot/decoys/security_policy.docx,WRITE,0.863,0,1,0,0.0
2026-02-26 15:36:39,explorer.exe,honeypot/decoys/client_data.csv,READ,2.2653,0,0,0,0.0
2026-02-26 15:36:39,explorer.exe,honeypot/decoys/private_notes.pdf,READ,3.2163,0,0,0,0.0
2026-02-26 15:36:39,winword.exe,honeypot/decoys/project_timeline.pdf,READ,1.3354,0,0,0,0.0
2026-02-26 15:36:39,excel.exe,honeypot/decoys/client_data.csv,WRITE,1.229,0,2,0,0.0
2026-02-26 15:36:39,notepad.exe,honeypot/decoys/salary_database.xlsx,READ,2.4769,0,0,0,0.0
2026-02-26 15:36:39,syswow64helper.exe,honeypot/decoys/confidential_report.docx,WRITE,7.1883,1,6,0,0.55
2026-02-26 15:36:39,syswow64helper.exe,honeypot/decoys/salary_database.xlsx,WRITE,7.458,1,9,0,0.55
2026-02-26 15:36:39,syswow64helper.exe,honeypot/decoys/client_data.csv,RENAME,0.5503,1,9,1,0.34
2026-02-26 15:36:40,syswow64helper.exe,honeypot/decoys/private_notes.pdf,DELETE,0.836,0,9,1,0.24
2026-02-26 15:36:40,syswow64helper.exe,honeypot/decoys/system_credentials.txt,DELETE,0.8487,0,9,1,0.24
2026-02-26 15:36:40,syswow64helper.exe,honeypot/decoys/backup_keys.txt,WRITE,7.2116,1,15,1,0.64
2026-02-26 15:36:40,syswow64helper.exe,honeypot/decoys/security_policy.docx,WRITE,7.0021,1,21,1,0.74
2026-02-26 15:36:40,teams.exe,honeypot/decoys/employee_records.csv,WRITE,2.5898,0,3,0,0.0
2026-02-26 15:36:40,teams.exe,honeypot/decoys/backup_keys.txt,READ,1.3901,0,0,0,0.0
2026-02-26 15:36:40,explorer.exe,honeypot/decoys/system_credentials.txt,READ,0.6504,0,0,0,0.0
2026-02-26 15:36:41,excel.exe,honeypot/decoys/confidential_report.docx,READ,3.054,0,0,0,0.0
2026-02-26 15:36:41,winword.exe,honeypot/decoys/private_notes.pdf,WRITE,0.8597,0,3,0,0.0
2026-02-26 15:36:41,explorer.exe,honeypot/decoys/client_data.csv,READ,1.7577,0,0,0,0.0
2026-02-26 15:36:41,chrome.exe,honeypot/decoys/employee_records.csv,READ,2.5092,0,0,0,0.0
2026-02-26 15:36:41,acrobat.exe,honeypot/decoys/financial_summary.xlsx,READ,2.5151,0,0,0,0.0
2026-02-26 15:36:41,svc_update.exe,honeypot/decoys/confidential_report.docx,WRITE,7.1311,1,5,0,0.5
2026-02-26 15:36:41,svc_update.exe,honeypot/decoys/security_policy.docx,RENAME,0.3695,1,5,1,0.29
2026-02-26 15:36:41,svc_update.exe,honeypot/decoys/salary_database.xlsx,RENAME,0.7035,1,5,2,0.33
2026-02-26 15:36:41,svc_update.exe,honeypot/decoys/client_data.csv,DELETE,0.654,0,5,2,0.23
2026-02-26 15:36:41,svc_update.exe,honeypot/decoys/employee_records.csv,RENAME,0.2994,1,5,3,0.37
2026-02-26 15:36:42,svc_update.exe,honeypot/decoys/project_timeline.pdf,DELETE,0.1343,0,5,3,0.27
2026-02-26 15:36:42,winword.exe,honeypot/decoys/project_timeline.pdf,READ,1.317,0,0,0,0.0
2026-02-26 15:36:42,chrome.exe,honeypot/decoys/private_notes.pdf,READ,2.0162,0,0,0,0.0
2026-02-26 15:36:42,explorer.exe,honeypot/decoys/salary_database.xlsx,WRITE,2.988,0,1,0,0.0
2026-02-26 15:36:42,excel.exe,honeypot/decoys/employee_records.csv,READ,2.7237,0,0,0,0.0
2026-02-26 15:36:42,outlook.exe,honeypot/decoys/project_timeline.pdf,READ,0.8356,0,0,0,0.0
2026-02-26 15:36:42,excel.exe,honeypot/decoys/project_timeline.pdf,READ,3.0038,0,0,0,0.0
2026-02-26 15:36:42,excel.exe,honeypot/decoys/financial_summary.xlsx,READ,0.6255,0,0,0,0.0
2026-02-26 15:36:42,explorer.exe,honeypot/decoys/system_credentials.txt,READ,2.5462,0,0,0,0.0
2026-02-26 15:36:42,wscript_helper.exe,honeypot/decoys/financial_summary.xlsx,RENAME,0.0248,1,0,1,0.29
2026-02-26 15:36:43,wscript_helper.exe,honeypot/decoys/backup_keys.txt,WRITE,7.9215,1,8,1,0.74
2026-02-26 15:36:43,wscript_helper.exe,honeypot/decoys/private_notes.pdf,RENAME,0.2668,1,8,2,0.38
2026-02-26 15:36:43,wscript_helper.exe,honeypot/decoys/client_data.csv,WRITE,7.8634,1,14,2,0.83
2026-02-26 15:36:43,wscript_helper.exe,honeypot/decoys/salary_database.xlsx,RENAME,0.4603,1,14,3,0.47
2026-02-26 15:36:43,wscript_helper.exe,honeypot/decoys/system_credentials.txt,RENAME,0.2276,1,14,4,0.5
2026-02-26 15:36:43,notepad.exe,honeypot/decoys/financial_summary.xlsx,READ,1.3358,0,0,0,0.0
2026-02-26 15:36:43,acrobat.exe,honeypot/decoys/system_credentials.txt,WRITE,2.5386,0,3,0,0.0
2026-02-26 15:36:43,explorer.exe,honeypot/decoys/salary_database.xlsx,READ,1.0357,0,0,0,0.0
2026-02-26 15:36:44,acrobat.exe,honeypot/decoys/confidential_report.docx,READ,2.2897,0,0,0,0.0
2026-02-26 15:36:44,chrome.exe,honeypot/decoys/financial_summary.xlsx,READ,1.6556,0,0,0,0.0
2026-02-26 15:36:44,acrobat.exe,honeypot/decoys/confidential_report.docx,WRITE,0.5051,0,3,0,0.0
2026-02-26 15:36:44,notepad.exe,honeypot/decoys/system_credentials.txt,WRITE,0.7099,0,3,0,0.0
2026-02-26 15:36:44,chrome.exe,honeypot/decoys/salary_database.xlsx,READ,2.0214,0,0,0,0.0
2026-02-26 15:36:44,chrome.exe,honeypot/decoys/financial_summary.xlsx,READ,2.1632,0,0,0,0.0
2026-02-26 15:36:44,outlook.exe,honeypot/decoys/backup_keys.txt,READ,1.7182,0,0,0,0.0
2026-02-26 15:43:12,winword.exe,honeypot/decoys/confidential_report.docx,READ,1.2347,0,0,0,0.0
2026-02-26 15:43:12,winword.exe,honeypot/decoys/project_timeline.pdf,READ,2.2715,0,0,0,0.0
2026-02-26 15:43:12,winword.exe,honeypot/decoys/private_notes.pdf,READ,2.0161,0,0,0,0.0
2026-02-26 15:43:12,notepad.exe,honeypot/decoys/project_timeline.pdf,WRITE,1.1613,0,3,0,0.0
2026-02-26 15:43:12,explorer.exe,honeypot/decoys/backup_keys.txt,WRITE,1.5208,0,1,0,0.0
2026-02-26 15:43:12,chrome.exe,honeypot/decoys/salary_database.xlsx,READ,1.6398,0,0,0,0.0
2026-02-26 15:43:12,chrome.exe,honeypot/decoys/client_data.csv,READ,2.9214,0,0,0,0.0
2026-02-26 15:43:12,winword.exe,honeypot/decoys/financial_summary.xlsx,READ,2.1561,0,0,0,0.0
2026-02-26 15:43:12,conhost32.exe,honeypot/decoys/client_data.csv,RENAME,0.8665,1,0,1,0.29
2026-02-26 15:43:12,conhost32.exe,honeypot/decoys/private_notes.pdf,WRITE,7.8258,1,4,1,0.69
2026-02-26 15:43:13,conhost32.exe,honeypot/decoys/salary_database.xlsx,WRITE,7.2643,1,12,1,0.64
2026-02-26 15:43:13,conhost32.exe,honeypot/decoys/confidential_report.docx,RENAME,0.1711,1,12,2,0.43
2026-02-26 15:43:13,conhost32.exe,honeypot/decoys/system_credentials.txt,WRITE,7.3757,1,20,2,0.68
2026-02-26 15:43:13,conhost32.exe,honeypot/decoys/security_policy.docx,WRITE,7.321,1,23,2,0.78
2026-02-26 15:43:13,conhost32.exe,honeypot/decoys/backup_keys.txt,WRITE,7.3123,1,28,2,0.78
2026-02-26 15:43:13,conhost32.exe,honeypot/decoys/financial_summary.xlsx,DELETE,0.5672,0,28,2,0.43
2026-02-26 15:43:14,notepad.exe,honeypot/decoys/security_policy.docx,WRITE,3.154,0,3,0,0.0
2026-02-26 15:43:14,acrobat.exe,honeypot/decoys/backup_keys.txt,READ,2.735,0,0,0,0.0
2026-02-26 15:43:14,outlook.exe,honeypot/decoys/client_data.csv,WRITE,1.586,0,1,0,0.0
2026-02-26 15:43:14,winword.exe,honeypot/decoys/confidential_report.docx,READ,0.9585,0,0,0,0.0
2026-02-26 15:43:14,outlook.exe,honeypot/decoys/client_data.csv,READ,1.6543,0,0,0,0.0
2026-02-26 15:43:14,teams.exe,honeypot/decoys/project_timeline.pdf,READ,3.4132,0,0,0,0.0
2026-02-26 15:43:14,explorer.exe,honeypot/decoys/salary_database.xlsx,READ,2.8058,0,0,0,0.0
2026-02-26 15:43:14,acrobat.exe,honeypot/decoys/financial_summary.xlsx,READ,1.8612,0,0,0,0.0
2026-02-26 15:43:14,wscript_helper.exe,honeypot/decoys/backup_keys.txt,RENAME,0.5077,1,0,1,0.29
2026-02-26 15:43:14,wscript_helper.exe,honeypot/decoys/project_timeline.pdf,WRITE,7.1599,1,7,1,0.59
2026-02-26 15:43:15,wscript_helper.exe,honeypot/decoys/salary_database.xlsx,WRITE,7.4837,1,10,1,0.59
2026-02-26 15:43:15,wscript_helper.exe,honeypot/decoys/financial_summary.xlsx,RENAME,0.8317,1,10,2,0.38
2026-02-26 15:43:15,wscript_helper.exe,honeypot/decoys/system_credentials.txt,WRITE,7.8692,1,13,2,0.83
2026-02-26 15:43:15,wscript_helper.exe,honeypot/decoys/client_data.csv,WRITE,7.0685,1,20,2,0.68
2026-02-26 15:43:15,excel.exe,honeypot/decoys/security_policy.docx,READ,1.2952,0,0,0,0.0
2026-02-26 15:43:15,outlook.exe,honeypot/decoys/private_notes.pdf,READ,2.6388,0,0,0,0.0
2026-02-26 15:43:15,chrome.exe,honeypot/decoys/security_policy.docx,WRITE,0.863,0,1,0,0.0
2026-02-26 15:43:15,explorer.exe,honeypot/decoys/client_data.csv,READ,2.2653,0,0,0,0.0
2026-02-26 15:43:15,explorer.exe,honeypot/decoys/private_notes.pdf,READ,3.2163,0,0,0,0.0
2026-02-26 15:43:16,winword.exe,honeypot/decoys/project_timeline.pdf,READ,1.3354,0,0,0,0.0
2026-02-26 15:43:16,excel.exe,honeypot/decoys/client_data.csv,WRITE,1.229,0,2,0,0.0
2026-02-26 15:43:16,notepad.exe,honeypot/decoys/salary_database.xlsx,READ,2.4769,0,0,0,0.0
2026-02-26 15:43:16,syswow64helper.exe,honeypot/decoys/confidential_report.docx,WRITE,7.1883,1,6,0,0.55
2026-02-26 15:43:16,syswow64helper.exe,honeypot/decoys/salary_database.xlsx,WRITE,7.458,1,9,0,0.55
2026-02-26 15:43:16,syswow64helper.exe,honeypot/decoys/client_data.csv,RENAME,0.5503,1,9,1,0.34
2026-02-26 15:43:16,syswow64helper.exe,honeypot/decoys/private_notes.pdf,DELETE,0.836,0,9,1,0.24
2026-02-26 15:43:16,syswow64helper.exe,honeypot/decoys/system_credentials.txt,DELETE,0.8487,0,9,1,0.24
2026-02-26 15:43:17,syswow64helper.exe,honeypot/decoys/backup_keys.txt,WRITE,7.2116,1,15,1,0.64
2026-02-26 15:43:17,syswow64helper.exe,honeypot/decoys/security_policy.docx,WRITE,7.0021,1,21,1,0.74
2026-02-26 15:43:17,teams.exe,honeypot/decoys/employee_records.csv,WRITE,2.5898,0,3,0,0.0
2026-02-26 15:43:17,teams.exe,honeypot/decoys/backup_keys.txt,READ,1.3901,0,0,0,0.0
2026-02-26 15:43:17,explorer.exe,honeypot/decoys/system_credentials.txt,READ,0.6504,0,0,0,0.0
2026-02-26 15:43:17,excel.exe,honeypot/decoys/confidential_report.docx,READ,3.054,0,0,0,0.0
2026-02-26 15:43:17,winword.exe,honeypot/decoys/private_notes.pdf,WRITE,0.8597,0,3,0,0.0
2026-02-26 15:43:17,explorer.exe,honeypot/decoys/client_data.csv,READ,1.7577,0,0,0,0.0
2026-02-26 15:43:17,chrome.exe,honeypot/decoys/employee_records.csv,READ,2.5092,0,0,0,0.0
2026-02-26 15:43:17,acrobat.exe,honeypot/decoys/financial_summary.xlsx,READ,2.5151,0,0,0,0.0
2026-02-26 15:43:18,svc_update.exe,honeypot/decoys/confidential_report.docx,WRITE,7.1311,1,5,0,0.5
2026-02-26 15:43:18,svc_update.exe,honeypot/decoys/security_policy.docx,RENAME,0.3695,1,5,1,0.29
2026-02-26 15:43:18,svc_update.exe,honeypot/decoys/salary_database.xlsx,RENAME,0.7035,1,5,2,0.33
2026-02-26 15:43:18,svc_update.exe,honeypot/decoys/client_data.csv,DELETE,0.654,0,5,2,0.23
2026-02-26 15:43:18,svc_update.exe,honeypot/decoys/employee_records.csv,RENAME,0.2994,1,5,3,0.37
2026-02-26 15:43:18,svc_update.exe,honeypot/decoys/project_timeline.pdf,DELETE,0.1343,0,5,3,0.27
2026-02-26 15:43:18,winword.exe,honeypot/decoys/project_timeline.pdf,READ,1.317,0,0,0,0.0
2026-02-26 15:43:18,chrome.exe,honeypot/decoys/private_notes.pdf,READ,2.0162,0,0,0,0.0
2026-02-26 15:43:19,explorer.exe,honeypot/decoys/salary_database.xlsx,WRITE,2.988,0,1,0,0.0
2026-02-26 15:43:19,excel.exe,honeypot/decoys/employee_records.csv,READ,2.7237,0,0,0,0.0
2026-02-26 15:43:19,outlook.exe,honeypot/decoys/project_timeline.pdf,READ,0.8356,0,0,0,0.0
2026-02-26 15:43:19,excel.exe,honeypot/decoys/project_timeline.pdf,READ,3.0038,0,0,0,0.0
2026-02-26 15:43:19,excel.exe,honeypot/decoys/financial_summary.xlsx,READ,0.6255,0,0,0,0.0
2026-02-26 15:43:19,explorer.exe,honeypot/decoys/system_credentials.txt,READ,2.5462,0,0,0,0.0
2026-02-26 15:43:19,wscript_helper.exe,honeypot/decoys/financial_summary.xlsx,RENAME,0.0248,1,0,1,0.29
2026-02-26 15:43:19,wscript_helper.exe,honeypot/decoys/backup_keys.txt,WRITE,7.9215,1,8,1,0.74
2026-02-26 15:43:19,wscript_helper.exe,honeypot/decoys/private_notes.pdf,RENAME,0.2668,1,8,2,0.38
2026-02-26 15:43:20,wscript_helper.exe,honeypot/decoys/client_data.csv,WRITE,7.8634,1,14,2,0.83
2026-02-26 15:43:20,wscript_helper.exe,honeypot/decoys/salary_database.xlsx,RENAME,0.4603,1,14,3,0.47
2026-02-26 15:43:20,wscript_helper.exe,honeypot/decoys/system_credentials.txt,RENAME,0.2276,1,14,4,0.5
2026-02-26 15:43:20,notepad.exe,honeypot/decoys/financial_summary.xlsx,READ,1.3358,0,0,0,0.0
2026-02-26 15:43:20,acrobat.exe,honeypot/decoys/system_credentials.txt,WRITE,2.5386,0,3,0,0.0
2026-02-26 15:43:20,explorer.exe,honeypot/decoys/salary_database.xlsx,READ,1.0357,0,0,0,0.0
2026-02-26 15:43:20,acrobat.exe,honeypot/decoys/confidential_report.docx,READ,2.2897,0,0,0,0.0
2026-02-26 15:43:20,chrome.exe,honeypot/decoys/financial_summary.xlsx,READ,1.6556,0,0,0,0.0
2026-02-26 15:43:20,acrobat.exe,honeypot/decoys/confidential_report.docx,WRITE,0.5051,0,3,0,0.0
2026-02-26 15:43:20,notepad.exe,honeypot/decoys/system_credentials.txt,WRITE,0.7099,0,3,0,0.0
2026-02-26 15:43:21,chrome.exe,honeypot/decoys/salary_database.xlsx,READ,2.0214,0,0,0,0.0
2026-02-26 15:43:21,chrome.exe,honeypot/decoys/financial_summary.xlsx,READ,2.1632,0,0,0,0.0
2026-02-26 15:43:21,outlook.exe,honeypot/decoys/backup_keys.txt,READ,1.7182,0,0,0,0.0
